{
    "scene": "apartment_sh3_RGB",
    "boundingBoxes": [
        {
            "id": "bbox_0001",
            "label": "chair",
            "position": [
                0.26028966903686523,
                -0.26874780654907227,
                -0.29576969146728516
            ],
            "size": [
                0.2794284522533417,
                0.26433828473091125,
                0.3646225333213806
            ],
            "rotation": [
                0.0,
                0.6185471415519714,
                0.0
            ],
            "color": [
                1.0,
                0.0,
                0.0
            ],
            "confidence": 0.6820642352104187,
            "view": {
                "euler": {
                    "yaw": -70,     
                    "pitch": -40,    
                    "distance": 5.2
                }
            },
            "focusPoint": [
                0.0,
                0.0,
                0.1
            ]
        },
        {
            "id": "bbox_0003",
            "label": "Chair-Table",
            "position": [
                0.423717737197876,
                -0.38538897037506104,
                -0.28175806999206543
            ],
            "size": [
                0.4178324043750763,
                0.4882625937461853,
                0.32832247018814087
            ],
            "rotation": [
                0.0,
                0.5482994318008423,
                0.0
            ],
            "color": [
                0.0,
                1.0,
                0.0
            ],
            "confidence": 0.6801226735115051,
            "view": {
                "offset": [-1.0, 1.5, 1.0] 
            },
            "focusPoint": [
                0.0,
                0.0,
                0.1
            ] 
        },
        {
            "id": "bbox_0004",
            "label": "Countertop-Cabinets",
            "position": [
                0.2363297939300537,
                0.7887835502624512,
                -0.3003882169723511
            ],
            "size": [
                0.3151090443134308,
                0.3986590802669525,
                0.41977211833000183
            ],
            "rotation": [
                0.0,
                0.450734406709671,
                0.0
            ],
            "color": [
                0.9,
                0.1,
                0.9
            ],
            "confidence": 0.6752004623413086,
            "view": {
                "euler": {
                    "yaw": 45,     
                    "pitch": -40,    
                    "distance": 5.2
                }
            },
            "focusPoint": [
                -0.1,
                -0.1,
                0.1
            ]
        },
        {
            "id": "bbox_0007",
            "label": "Table",
            "position": [
                -0.22037196159362793,
                0.5592122077941895,
                -0.3805696964263916
            ],
            "size": [
                0.2570158541202545,
                0.262683629989624,
                0.2093091458082199
            ],
            "rotation": [
                0.0,
                0.5207381248474121,
                0.0
            ],
            "color": [
                2.0,
                1.0,
                0.0
            ],
            "confidence": 0.66254723072052,
            "view": {
                "euler": {
                    "distance": 3,
                    "yaw": 130,   
                    "pitch": -30    
                }
            }
        },
        {
            "id": "bbox_0009",
            "label": "Table",
            "position": [
                -0.31037020683288574,
                -0.37068474292755127,
                -0.35554611682891846
            ],
            "size": [
                0.3263493478298187,
                0.3110523223876953,
                0.22870349884033203
            ],
            "rotation": [
                0.0,
                0.4469449818134308,
                0.0
            ],
            "color": [
                2.0,
                1.0,
                0.0
            ],
            "confidence": 0.6481729745864868,
            "view": {
                "euler": {
                    "yaw": 220,     
                    "pitch": -40,    
                    "distance": 5.0
                }
            },
            "focusPoint": [
                0.1,
                0.0,
                0.1
            ]
        },
        {
            "id": "bbox_0010",
            "label": "Countertop-Cabinets",
            "position": [
                -0.15254369258880615,
                1.1398379802703857,
                -0.27859532833099365
            ],
            "size": [
                0.43440109491348267,
                0.6184814989566803,
                0.44253769516944885
            ],
            "rotation": [
                0.0,
                0.6454190015792847,
                0.0
            ],
            "color": [
                0.9,
                0.1,
                0.9
            ],
            "confidence": 0.6752004623413086,
            "view": {
                "euler": {
                    "yaw": 90,     
                    "pitch": -40,    
                    "distance": 5.0
                }
            },
            "focusPoint": [
                0.1,
                -0.2,
                0.2
            ]
        },
        {
            "id": "bbox_0013",
            "label": "Weber",
            "position": [
                1.0951807498931885,
                -0.28745293617248535,
                -0.20559823513031006
            ],
            "size": [
                0.27867361903190613,
                0.26140734553337097,
                0.3450256288051605
            ],
            "rotation": [
                0.0,
                0.604493260383606,
                0.0
            ],
            "color": [
                0.2,
                0.4,
                1.0
            ],
            "confidence": 0.6441671252250671,
            "view": {
                "euler": {
                    "yaw": -60,     
                    "pitch": -40,    
                    "distance": 5.0
                }
            },
            "focusPoint": [
                -0.1,
                0.1,
                0.2
            ]
        },
        {
            "id": "bbox_0014",
            "label": "Couch",
            "position": [
                -0.28431696891784668,
                -0.8437453508377075,
                -0.1822718620300293
            ],
            "size": [
                0.45952266454696655,
                0.81393816471099854,
                0.42367807030677795
            ],
            "rotation": [
                0.0,
                0.5456839799880981,
                0.0
            ],
            "color": [
                2.0,
                1.0,
                1.0
            ],
            "confidence": 0.6434823274612427
        },
        {
            "id": "bbox_0016",
            "label": "Fridge",
            "position": [
                0.3447151184082031,
                0.5085129737854004,
                -0.08421564102172852
            ],
            "size": [
                0.3275494873523712,
                0.3941342830657959,
                0.8159956336021423
            ],
            "rotation": [
                0.0,
                0.4697643220424652,
                0.0
            ],
            "color": [
                0.0,
                1.0,
                2.0
            ],
            "confidence": 0.6334702372550964,
            "view": {
                "euler": {
                    "yaw": 45,     
                    "pitch": 0,    
                    "distance": 5.2
                }
            },