{
    "scene": "apartment_sh3_RGB",
    "boundingBoxes": [
        {
            "id": "bbox_0000",
            "label": "Cabinets",
            "position": [
                -0.7108035087585449,
                0.8023777008056641,
                0.17113524675369263
            ],
            "size": [
                0.5113804340362549,
                0.442541241645813,
                0.40670245885849
            ],
            "rotation": [
                0.0,
                0.5484883189201355,
                0.0
            ],
            "color": [
                0.9,
                0.1,
                0.9
            ],
            "confidence": 0.7830100059509277,
            "view": {
                "euler": {
                    "yaw": 30,     
                    "pitch": -50,    
                    "distance": 5.2
                }
            },
            "focusPoint": [
                0.1,
                -0.3,
                0.1
            ]
        },
        {
            "id": "bbox_0001",
            "label": "Chair",
            "position": [
                0.27029919624328613,
                -0.5990713834762573,
                0.24573171138763428
            ],
            "size": [
                0.35600745677948,
                0.31747835874557495,
                0.6300464868545532
            ],
            "rotation": [
                0.0,
                0.5869728326797485,
                0.0
            ],
            "color": [
                1.0,
                0.0,
                0.0
            ],
            "confidence": 0.7795092463493347,
            "view": {
                "euler": {
                    "yaw": -100,     
                    "pitch": -40,    
                    "distance": 5.2
                }
            },
            "focusPoint": [
                -0.1,
                0.0,
                0.1
            ]
        },
        {
            "id": "bbox_0002",
            "label": "Chair",
            "position": [
                -0.47385215759277344,
                -0.8040350675582886,
                0.18329179286956787
            ],
            "size": [
                0.2594902515411377,
                0.23957672715187073,
                0.38925299048423767
            ],
            "rotation": [
                0.0,
                0.6949802041053772,
                0.0
            ],
            "color": [
                0.0,
                1.0,
                0.0
            ],
            "confidence": 0.766778826713562,
            "view": {
                "euler": {
                    "yaw": -190,     
                    "pitch": -40,    
                    "distance": 5.2
                }
            },
            "focusPoint": [
                0.0,
                0.0,
                0.0
            ]
        },
        {
            "id": "bbox_0003",
            "label": "Cabinets",
            "position": [
                -0.8864657878875732,
                -0.18933343887329102,
                0.15721148252487183
            ],
            "size": [
                0.4723462760448456,
                0.5407538414001465,
                0.3549646735191345
            ],
            "rotation": [
                0.0,
                0.4696488678455353,
                0.0
            ],
            "color": [
                0.9,
                0.1,
                0.9
            ],
            "confidence": 0.7610253095626831,
            "view": {
                "euler": {
                    "yaw": 90,     
                    "pitch": -50,    
                    "distance": 5.2
                }
            },
            "focusPoint": [
                0.2,
                0.1,
                0.1
            ]
        },
        {
            "id": "bbox_0004",
            "label": "Cabinets",
            "position": [
                0.2576202392578125,
                0.8344104290008545,
                0.15571758151054382
            ],
            "size": [
                0.5889504671096802,
                0.37145426869392395,
                0.3691355884075165
            ],
            "rotation": [
                0.0,
                0.6573254466056824,
                0.0
            ],
            "color": [
                0.9,
                0.1,
                0.9
            ],
            "confidence": 0.7506731748580933,
            "view": {
                "euler": {
                    "yaw": 0,     
                    "pitch": -50,    
                    "distance": 5.2
                }
            },
            "focusPoint": [
                0.0,
                -0.2,
                0.1
            ]
        },
        {
            "id": "bbox_0005",
            "label": "Cabinets",
            "position": [
                0.8137280941009521,
                -0.4034607410430908,
                0.30291950702667236
            ],
            "size": [
                0.3646434545516968,
                0.3220440745353699,
                0.6980984807014465
            ],
            "rotation": [
                0.0,
                0.5748127698898315,
                0.0
            ],
            "color": [
                0.9,
                0.1,
                0.9
            ],
            "confidence": 0.7443718314170837,
            "view": {
                "euler": {
                    "yaw": -90,     
                    "pitch": -40,    
                    "distance": 5.2
                }
            },
            "focusPoint": [
                -0.2,
                0.0,
                0.1
            ]
        },
        {
            "id": "bbox_0007",
            "label": "Cabinets",
            "position": [
                -0.7503767013549805,
                -0.9048764705657959,
                0.16884255409240723
            ],
            "size": [
                0.46639952063560486,
                0.3597225546836853,
                0.35354936122894287
            ],
            "rotation": [
                0.0,
                0.480975866317749,
                0.0
            ],
            "color": [
                0.9,
                0.1,
                0.9
            ],
            "confidence": 0.7380460500717163,
            "view": {
                "euler": {
                    "yaw": -170,     
                    "pitch": -40,    
                    "distance": 5.2
                }
            },
            "focusPoint": [
                0.0,
                0.1,
                0.1
            ]
        },
        {
            "id": "bbox_0008",
            "label": "Chair",
            "position": [
                -0.21274328231811523,
                0.547135591506958,
                0.27190709114074707
            ],
            "size": [
                0.34573689103126526,
                0.3606818914413452,
                0.6674545407295227
            ],
            "rotation": [
                0.0,
                0.6240213513374329,
                0.0
            ],
            "color": [
                1.0,
                0.0,
                0.0
            ],
            "confidence": 0.7252011895179749,
            "view": {
                "euler": {
                    "yaw": 10,     
                    "pitch": -50,    
                    "distance": 5.2
                }
            },
            "focusPoint": [
                0.0,
                -0.2,
                0.2
            ]
        },
        {
            "id": "bbox_0011",
            "label": "3D printer",
            "position": [
                -0.7868596315383911,
                0.8830435276031494,
                0.5100956559181213
            ],
            "size": [
                0.2775052487850189,
                0.21380773186683655,
                0.32302770018577576
            ],